EmpID,PerformanceRating,JobSatisfaction,EnvironmentSatisfaction,WorkLifeBalance
RM297,3,3,3,3
RM302,3,3,4,3
RM458,3,2,2,3
RM728,3,4,2,3
RM829,3,3,3,3
RM973,3,4,4,4
RM1154,3,4,2,4
RM1312,3,3,2,1
RM128,3,3,4,2
RM150,3,2,2,3
RM172,4,1,3,4
RM178,4,4,2,2
RM423,3,4,1,4
RM689,3,2,4,4
RM854,4,1,3,3
RM893,4,2,1,4
RM910,3,4,2,3
RM103,3,4,4,3
RM488,3,2,4,4
RM514,3,3,4,3
RM663,3,3,3,2
RM690,3,1,1,3
RM732,3,1,4,3
RM777,3,4,4,3
RM857,3,3,1,2
RM877,3,4,3,3
RM1179,3,3,3,3
RM1198,3,1,4,3
RM024,3,4,3,3
RM275,3,3,4,4
RM358,3,2,1,3
RM363,4,4,1,2
RM371,3,2,3,3
RM497,3,3,3,3
RM664,3,4,4,2
RM778,3,1,3,2
RM816,3,2,4,4
RM916,4,3,1,1
RM1153,3,4,3,3
RM1272,3,2,2,3
RM1437,3,1,3,3
RM018,3,4,4,2
RM110,3,4,2,3
RM129,3,4,3,3
RM161,4,4,3,3
RM207,3,2,4,2
RM384,3,2,1,3
RM444,3,3,3,3
RM499,4,3,1,3
RM631,4,4,4,1
RM667,3,3,2,4
RM735,3,1,2,2
RM861,3,4,3,3
RM1138,3,3,2,2
RM1274,3,1,3,3
RM1340,4,2,4,3
RM1424,3,3,4,4
RM087,3,1,3,3
RM346,3,4,3,2
RM517,3,1,1,4
RM551,3,1,2,4
RM566,3,3,1,3
RM586,4,1,3,3
RM911,4,3,4,3
RM1083,3,3,1,3
RM1128,3,3,4,3
RM1202,3,3,4,3
RM1214,4,4,3,3
RM1239,3,2,3,1
RM1409,3,4,4,4
RM1439,3,1,4,2
RM021,3,3,1,2
RM035,3,4,2,2
RM097,4,3,1,2
RM114,3,3,2,3
RM381,3,3,4,4
RM415,3,2,1,3
RM471,3,4,4,3
RM475,3,4,2,3
RM477,4,2,4,3
RM480,3,3,1,3
RM526,3,3,1,3
RM587,3,2,3,3
RM641,3,4,1,2
RM725,3,3,4,3
RM842,4,2,4,3
RM872,3,2,4,1
RM1026,3,3,4,3
RM1061,3,1,2,2
RM1062,3,2,4,3
RM1098,3,1,3,3
RM1169,3,4,1,3
RM1218,3,3,3,3
RM1223,3,3,4,3
RM1231,3,1,2,4
RM1246,3,4,1,3
RM1408,3,3,2,2
RM108,3,3,3,3
RM109,3,4,4,3
RM139,3,3,1,3
RM256,3,3,1,3
RM268,3,1,2,3
RM398,3,4,2,3
RM406,3,1,1,3
RM479,3,3,2,3
RM518,4,2,4,3
RM564,4,4,3,2
RM619,3,1,1,2
RM635,3,1,3,3
RM639,3,1,3,4
RM684,3,2,3,3
RM797,3,4,4,4
RM886,3,4,3,3
RM912,3,4,3,3
RM935,3,2,4,2
RM966,3,4,4,2
RM994,3,3,1,2
RM1004,3,4,1,2
RM1022,3,1,1,3
RM1175,3,3,4,3
RM1412,3,2,3,3
RM1414,3,3,4,2
RM1434,4,3,1,2
RM043,3,3,1,2
RM055,3,4,3,2
RM126,3,2,3,2
RM135,4,3,3,3
RM279,4,2,3,1
RM285,3,1,1,3
RM289,3,2,1,3
RM294,3,4,4,3
RM356,3,3,3,3
RM383,4,1,3,3
RM419,4,4,1,1
RM454,3,3,2,2
RM461,3,3,1,3
RM464,3,4,3,1
RM476,4,2,1,4
RM506,3,4,3,3
RM572,3,4,1,3
RM574,3,1,4,2
RM615,3,3,3,3
RM686,3,1,3,3
RM734,3,4,4,3
RM749,3,1,2,3
RM763,3,1,1,3
RM770,3,3,1,3
RM782,3,1,1,3
RM798,4,3,1,2
RM844,4,4,1,3
RM913,4,4,3,2
RM999,3,4,1,3
RM1005,3,1,3,3
RM1119,4,4,1,3
RM1207,4,4,4,3
RM1225,3,3,4,4
RM1298,3,2,4,3
RM1310,3,4,3,3
RM1350,3,3,2,2
RM1362,3,4,3,3
RM1387,3,1,3,2
RM1465,3,3,4,3
RM1465,3,3,4,3
RM005,3,2,1,3
RM042,3,1,4,3
RM044,3,3,4,3
RM162,3,2,4,1
RM165,3,3,3,2
RM171,3,2,3,2
RM192,3,2,4,2
RM201,3,1,3,3
RM213,3,3,4,3
RM319,3,2,3,2
RM321,3,3,4,3
RM332,3,2,3,3
RM340,3,2,2,3
RM374,3,2,4,3
RM486,3,3,1,2
RM496,3,1,3,3
RM513,3,4,1,3
RM522,4,4,4,3
RM531,3,1,3,3
RM538,4,1,4,2
RM555,3,1,4,1
RM577,3,4,3,3
RM611,3,4,3,3
RM616,3,4,4,2
RM671,3,3,2,3
RM718,3,2,3,3
RM740,3,4,1,3
RM787,3,3,1,3
RM834,3,3,4,3
RM890,3,1,1,2
RM903,3,3,1,3
RM971,3,4,3,3
RM975,4,4,4,3
RM997,3,4,4,3
RM998,3,3,4,3
RM1018,3,1,2,4
RM1150,3,1,4,3
RM1170,3,3,2,3
RM1171,3,4,4,2
RM1249,3,4,3,2
RM1318,3,4,4,2
RM1329,4,3,2,3
RM1335,3,1,4,2
RM1351,3,3,1,2
RM1368,3,2,2,2
RM1380,3,2,1,3
RM1394,3,4,4,3
RM1468,4,2,2,3
RM1468,4,2,2,3
RM015,3,3,3,3
RM052,3,3,3,2
RM098,3,3,2,4
RM163,3,4,3,1
RM265,3,3,1,1
RM273,4,4,4,2
RM290,4,4,4,3
RM303,3,1,2,3
RM324,3,4,1,2
RM375,3,4,2,3
RM405,3,1,3,3
RM541,3,2,1,3
RM599,3,3,3,2
RM613,4,2,2,3
RM630,3,4,2,3
RM660,3,4,1,3
RM669,3,3,3,3
RM765,4,2,4,3
RM781,3,1,2,2
RM789,3,3,3,4
RM794,3,3,1,2
RM801,3,2,1,3
RM810,3,2,4,2
RM820,3,2,1,1
RM828,3,3,3,3
RM843,3,4,3,2
RM869,3,1,4,3
RM922,3,3,4,2
RM930,3,4,4,3
RM934,3,1,4,2
RM945,3,4,3,3
RM985,3,1,3,3
RM1042,3,1,4,3
RM1057,3,3,1,4
RM1069,3,1,3,2
RM1070,3,3,1,1
RM1071,3,1,3,3
RM1074,3,2,3,2
RM1137,3,2,3,3
RM1152,4,1,2,2
RM1284,3,4,3,4
RM1308,4,1,3,3
RM1324,3,4,3,3
RM1338,3,2,2,3
RM1365,3,4,3,3
RM1370,3,3,4,3
RM1382,3,3,3,2
RM1391,3,4,3,2
RM012,3,3,4,3
RM016,3,1,2,3
RM072,4,2,3,3
RM156,3,3,4,3
RM206,4,4,2,2
RM218,3,3,3,2
RM228,3,4,2,3
RM230,3,4,3,2
RM253,3,4,3,3
RM255,3,4,4,3
RM266,3,2,1,3
RM283,3,4,2,2
RM337,3,1,2,2
RM338,3,4,2,3
RM344,3,2,4,3
RM350,3,3,4,2
RM372,3,4,4,3
RM421,3,3,2,3
RM422,3,2,3,4
RM455,3,4,4,4
RM508,3,3,2,2
RM520,3,4,2,3
RM547,3,3,3,3
RM556,3,2,4,3
RM573,3,3,2,2
RM590,3,1,2,3
RM595,4,3,3,3
RM646,3,3,2,3
RM658,3,4,1,3
RM698,3,4,3,3
RM712,4,1,4,3
RM809,4,4,3,3
RM824,3,2,4,2
RM826,3,4,2,2
RM837,3,1,4,1
RM853,3,4,2,3
RM860,3,4,2,2
RM894,3,4,1,3
RM904,3,4,3,3
RM906,3,4,4,2
RM933,3,3,2,3
RM1006,3,1,2,2
RM1008,3,4,3,3
RM1058,3,2,1,1
RM1064,3,3,3,3
RM1073,3,2,4,3
RM1078,3,1,1,1
RM1091,3,1,3,3
RM1105,3,3,3,2
RM1123,3,1,2,3
RM1126,3,4,1,4
RM1173,3,3,3,3
RM1189,3,2,1,2
RM1220,3,3,4,3
RM1250,3,2,2,3
RM1251,3,3,4,4
RM1259,3,1,4,3
RM1314,3,1,1,3
RM1319,3,4,4,4
RM1325,3,3,4,3
RM1330,3,2,4,3
RM1333,4,4,4,2
RM1344,3,1,4,3
RM1366,3,1,3,3
RM1388,3,1,1,2
RM1443,3,4,1,4
RM1460,3,2,4,3
RM1461,3,1,4,1
RM1461,3,1,4,1
RM008,4,3,4,3
RM033,3,3,4,3
RM045,4,4,3,3
RM081,3,4,4,2
RM089,3,4,3,3
RM093,3,2,3,2
RM121,4,3,1,2
RM140,3,4,3,1
RM144,3,3,1,2
RM146,3,1,4,3
RM147,3,4,2,3
RM168,3,4,2,3
RM174,3,1,3,3
RM212,4,3,3,3
RM215,3,1,4,3
RM217,3,1,3,2
RM325,3,4,4,3
RM339,3,3,4,3
RM355,3,3,4,4
RM382,3,2,3,3
RM386,4,4,3,3
RM403,3,3,2,3
RM411,4,4,3,3
RM420,3,4,3,1
RM424,3,1,3,3
RM427,3,4,3,2
RM438,3,2,4,3
RM481,3,1,2,4
RM502,4,3,3,3
RM546,4,4,3,2
RM582,4,3,4,3
RM603,4,4,3,2
RM624,3,4,2,2
RM703,3,3,3,4
RM721,3,3,1,3
RM731,3,1,2,2
RM733,3,2,2,3
RM783,3,1,3,2
RM845,3,3,3,3
RM866,3,1,3,3
RM875,3,3,3,2
RM887,4,2,4,3
RM932,3,3,3,3
RM942,3,4,1,3
RM949,4,1,2,3
RM1014,3,1,4,3
RM1050,3,3,4,2
RM1053,3,3,3,2
RM1065,4,3,3,4
RM1107,3,1,2,3
RM1110,3,2,3,3
RM1142,3,2,2,2
RM1234,3,4,2,2
RM1245,3,1,4,3
RM1247,3,4,3,2
RM1252,3,1,3,3
RM1260,3,3,3,3
RM1297,3,3,1,3
RM1339,3,4,2,2
RM1413,3,2,4,2
RM013,3,3,1,2
RM059,4,4,4,2
RM073,3,2,3,3
RM076,4,4,3,3
RM125,3,3,2,2
RM133,3,3,2,3
RM181,4,4,3,3
RM225,3,3,3,3
RM246,3,3,2,3
RM260,3,2,3,4
RM267,4,4,2,3
RM293,3,2,4,2
RM304,3,4,2,2
RM310,3,4,3,3
RM311,3,1,1,3
RM313,3,4,3,1
RM322,3,4,4,3
RM326,4,3,3,3
RM343,3,4,3,2
RM370,3,2,3,3
RM395,3,1,2,1
RM400,3,1,4,3
RM435,4,2,3,4
RM440,3,3,1,3
RM451,3,4,2,4
RM457,4,4,3,2
RM483,3,1,2,1
RM485,4,4,1,4
RM645,3,4,4,3
RM676,3,3,2,4
RM680,3,3,4,2
RM691,3,4,4,1
RM710,4,1,3,3
RM727,3,1,3,3
RM819,3,4,3,3
RM832,3,3,3,2
RM896,3,1,3,2
RM897,3,1,3,3
RM951,3,3,4,2
RM953,3,2,4,4
RM981,3,4,3,4
RM986,3,3,4,2
RM1013,3,3,2,3
RM1015,3,2,1,4
RM1017,3,2,1,4
RM1031,3,4,1,3
RM1034,3,2,3,3
RM1036,3,2,4,3
RM1037,3,4,2,1
RM1086,3,3,4,1
RM1145,3,1,4,3
RM1192,3,4,1,3
RM1228,3,3,2,4
RM1240,4,4,4,2
RM1248,3,3,1,3
RM1258,3,3,1,3
RM1275,3,4,1,3
RM1307,3,1,1,3
RM1313,3,1,4,3
RM1342,3,3,2,3
RM1359,3,4,3,3
RM1361,3,3,1,2
RM1383,3,1,3,4
RM1390,4,1,4,3
RM1396,3,4,1,3
RM1403,3,4,4,3
RM1406,4,3,3,4
RM1418,3,3,1,3
RM1464,3,1,2,3
RM1464,3,1,2,3
RM006,3,4,4,2
RM017,3,2,1,2
RM027,4,1,2,3
RM061,4,4,1,3
RM074,3,2,2,3
RM095,3,3,2,3
RM102,3,1,4,3
RM141,4,1,1,4
RM145,3,4,4,4
RM155,3,4,2,3
RM170,4,3,3,3
RM211,3,4,4,2
RM239,3,2,3,3
RM240,3,3,4,1
RM242,3,4,3,3
RM261,4,2,2,1
RM263,3,1,4,3
RM307,3,3,4,2
RM320,3,2,3,3
RM323,3,4,1,2
RM352,3,2,3,3
RM470,3,3,4,3
RM501,3,4,1,2
RM528,3,4,4,2
RM532,3,4,3,3
RM559,3,4,1,3
RM601,3,3,3,3
RM623,3,4,2,2
RM627,3,3,3,2
RM638,3,4,4,3
RM642,3,2,2,3
RM657,4,4,1,1
RM683,4,2,3,3
RM693,3,1,3,4
RM757,3,3,4,3
RM851,3,1,3,3
RM881,4,2,3,3
RM882,3,3,4,3
RM936,3,4,3,4
RM940,3,3,4,3
RM992,3,2,3,2
RM1027,3,4,4,2
RM1076,4,4,3,4
RM1102,3,2,4,3
RM1114,3,1,4,2
RM1140,3,4,2,3
RM1191,3,2,4,2
RM1206,3,2,4,3
RM1227,3,3,1,2
RM1238,3,2,1,3
RM1242,3,3,4,1
RM1261,3,2,2,3
RM1320,3,4,4,4
RM1327,3,2,3,2
RM1376,3,3,1,3
RM1389,3,4,3,3
RM1395,4,4,4,3
RM1427,3,2,3,3
RM1429,3,2,2,3
RM1432,3,4,3,3
RM1450,3,1,4,3
RM004,3,3,4,3
RM031,3,4,3,3
RM040,3,1,3,3
RM056,3,4,1,3
RM122,3,2,3,4
RM177,3,4,3,4
RM186,3,2,4,3
RM222,4,2,3,3
RM235,3,4,3,1
RM237,4,1,1,4
RM247,3,4,3,2
RM314,3,2,4,3
RM329,3,4,2,2
RM364,3,3,4,3
RM436,3,3,2,4
RM437,3,4,1,3
RM456,3,3,1,3
RM500,3,3,3,3
RM510,4,4,3,1
RM515,3,1,1,3
RM563,3,4,4,2
RM591,3,3,3,4
RM592,3,1,1,3
RM620,4,1,1,3
RM656,3,2,4,4
RM674,3,1,3,3
RM695,3,4,2,3
RM711,3,3,4,3
RM713,3,4,2,3
RM716,3,2,3,3
RM755,3,4,2,2
RM791,3,4,4,3
RM793,4,3,1,3
RM799,4,2,1,3
RM803,3,2,4,3
RM830,3,1,1,3
RM864,3,3,2,3
RM873,3,3,2,2
RM884,3,4,1,3
RM909,3,3,4,3
RM991,3,4,2,4
RM1048,3,1,4,3
RM1067,3,2,1,3
RM1075,3,3,4,3
RM1092,3,2,4,3
RM1096,3,3,2,3
RM1106,3,1,1,1
RM1190,3,4,4,3
RM1199,4,4,3,3
RM1211,3,2,2,3
RM1254,3,2,4,2
RM1256,4,1,1,2
RM1266,3,2,4,2
RM1283,3,1,4,3
RM1364,3,3,2,2
RM1399,4,3,4,3
RM1416,3,3,2,2
RM1426,3,4,2,3
RM014,3,4,2,3
RM023,3,2,1,3
RM025,3,1,2,3
RM047,4,3,2,3
RM085,3,2,1,3
RM104,3,3,1,3
RM112,4,3,1,3
RM115,3,2,3,3
RM117,3,1,3,3
RM160,3,3,3,3
RM182,3,2,4,3
RM189,3,3,4,2
RM203,3,3,4,4
RM248,3,1,4,3
RM379,3,4,1,2
RM394,3,3,3,3
RM416,3,3,4,2
RM433,3,3,4,3
RM441,3,1,2,3
RM463,3,4,4,3
RM482,3,4,2,3
RM495,3,3,3,3
RM504,3,4,2,2
RM525,3,2,4,4
RM550,3,3,2,3
RM561,3,1,2,3
RM568,4,4,4,3
RM575,3,4,2,3
RM580,3,1,3,3
RM584,3,1,3,3
RM607,3,4,3,3
RM614,3,4,3,1
RM672,3,2,2,3
RM758,3,4,2,2
RM764,3,3,3,3
RM795,3,4,1,2
RM804,3,4,3,3
RM823,3,3,4,2
RM835,4,3,2,2
RM848,4,1,4,3
RM907,3,3,3,2
RM918,3,1,3,3
RM921,3,2,3,4
RM924,3,2,3,4
RM959,3,4,4,2
RM965,3,1,3,4
RM978,4,3,1,3
RM980,3,3,2,3
RM984,3,4,3,4
RM1016,3,1,4,3
RM1028,3,2,4,2
RM1040,3,3,1,3
RM1049,3,1,4,3
RM1056,3,1,2,2
RM1059,4,2,1,4
RM1085,3,3,4,3
RM1088,4,3,2,3
RM1116,3,4,1,1
RM1118,3,4,2,2
RM1132,3,3,4,2
RM1147,3,4,3,3
RM1180,3,2,4,3
RM1209,3,4,2,4
RM1213,3,4,2,3
RM1253,3,4,4,3
RM1268,3,3,4,3
RM1271,3,4,4,3
RM1291,3,1,4,2
RM1301,4,3,2,3
RM1343,3,4,3,3
RM1354,4,1,4,3
RM1360,3,4,4,2
RM1369,3,4,3,3
RM1385,4,4,1,2
RM1386,3,3,4,2
RM1447,4,3,4,3
RM1470,3,3,2,4
RM1470,3,3,2,4
RM011,3,2,1,3
RM038,3,4,4,3
RM041,3,4,3,3
RM050,3,4,4,3
RM054,3,1,3,3
RM057,4,1,2,2
RM058,3,1,3,3
RM069,3,1,2,2
RM077,3,1,3,3
RM082,3,3,2,3
RM152,3,2,3,3
RM193,3,3,2,3
RM197,3,2,2,3
RM229,3,3,3,4
RM277,3,2,2,2
RM298,3,2,3,2
RM345,3,2,3,3
RM373,3,2,3,3
RM431,3,3,4,3
RM439,3,3,4,3
RM448,3,3,2,3
RM462,3,3,1,3
RM484,3,4,1,3
RM509,3,4,2,3
RM516,3,3,3,3
RM558,3,1,4,4
RM581,3,4,1,2
RM597,3,3,4,3
RM612,4,3,3,4
RM621,3,1,3,2
RM636,4,3,4,3
RM637,3,2,4,2
RM648,3,2,4,3
RM677,4,4,4,1
RM699,3,3,3,3
RM705,3,4,4,3
RM726,4,2,3,1
RM730,3,3,3,2
RM741,4,4,2,2
RM792,4,1,4,3
RM821,3,4,4,3
RM836,3,3,3,1
RM841,3,3,4,3
RM847,3,2,3,4
RM849,3,4,4,4
RM871,3,1,3,3
RM889,3,4,3,2
RM925,3,3,3,3
RM962,3,3,3,3
RM974,3,4,4,3
RM982,3,3,4,2
RM1003,3,4,3,3
RM1060,3,3,4,3
RM1082,3,2,4,1
RM1101,4,3,2,3
RM1109,3,1,4,3
RM1111,3,1,1,3
RM1124,3,3,1,3
RM1131,3,3,2,2
RM1135,3,4,3,2
RM1151,3,1,2,3
RM1158,3,3,3,3
RM1163,3,1,4,3
RM1168,3,4,1,2
RM1187,4,4,4,4
RM1216,3,4,1,4
RM1233,3,3,4,3
RM1282,3,4,3,3
RM1289,3,4,2,3
RM1303,3,3,2,4
RM1346,3,2,4,3
RM1381,3,1,2,1
RM1393,3,4,3,3
RM1423,3,3,4,3
RM1425,3,3,2,3
RM1451,3,4,3,3
RM1457,3,3,3,4
RM1459,3,4,3,3
RM010,3,3,3,2
RM022,4,1,3,3
RM039,3,1,2,4
RM065,3,3,3,3
RM067,3,2,2,3
RM070,3,3,4,2
RM075,3,4,2,3
RM118,3,4,2,3
RM119,4,4,1,3
RM136,4,2,2,3
RM173,3,2,4,2
RM208,3,4,2,3
RM221,3,2,4,4
RM270,3,4,4,3
RM292,3,2,3,3
RM299,3,4,3,3
RM306,3,2,2,3
RM359,3,4,4,3
RM360,3,4,1,3
RM378,3,3,4,3
RM385,3,3,2,3
RM443,3,4,2,2
RM512,3,2,2,3
RM542,3,1,1,3
RM570,3,1,1,3
RM594,3,2,3,3
RM600,3,2,3,3
RM622,3,4,2,2
RM634,4,1,1,3
RM665,3,4,3,2
RM681,3,4,2,3
RM688,4,3,3,3
RM694,3,4,3,3
RM709,3,4,1,3
RM753,3,1,3,3
RM762,3,3,1,2
RM774,3,4,4,2
RM818,4,4,1,3
RM874,3,3,3,3
RM883,4,1,3,3
RM901,3,2,3,2
RM928,3,2,3,3
RM943,3,3,4,3
RM969,3,1,1,2
RM1012,3,2,1,3
RM1019,3,4,1,2
RM1020,3,1,3,2
RM1103,4,4,3,2
RM1122,3,3,2,3
RM1129,3,1,1,3
RM1146,3,3,3,3
RM1174,3,1,2,3
RM1181,3,2,1,3
RM1183,3,3,4,3
RM1184,4,1,4,3
RM1200,3,3,1,2
RM1221,3,4,3,2
RM1237,3,1,2,3
RM1279,3,1,4,3
RM1316,4,2,4,3
RM1341,3,3,2,3
RM1348,4,4,2,2
RM1356,3,2,3,1
RM1384,4,2,1,3
RM1440,3,4,1,3
RM1441,3,2,4,3
RM1448,4,4,4,2
RM1454,3,4,2,2
RM1466,3,4,3,3
RM1466,3,4,3,3
RM003,3,3,4,3
RM048,4,2,2,3
RM060,3,3,1,4
RM079,3,3,1,4
RM101,4,1,3,3
RM105,3,4,3,4
RM116,3,4,3,3
RM196,3,1,2,2
RM223,3,4,2,3
RM227,3,4,1,3
RM249,3,1,3,2
RM251,3,3,1,3
RM274,3,4,3,4
RM276,3,4,1,3
RM286,3,4,4,3
RM295,3,4,2,2
RM341,3,4,4,2
RM354,3,1,3,3
RM365,4,1,3,3
RM387,3,1,4,2
RM390,3,2,3,2
RM399,3,3,2,3
RM465,3,4,2,4
RM468,3,2,1,3
RM473,3,2,2,2
RM487,3,3,4,2
RM507,3,3,3,3
RM523,3,4,4,3
RM578,3,1,4,2
RM629,3,3,4,3
RM649,3,4,3,3
RM653,3,2,1,3
RM696,3,3,1,1
RM745,3,2,1,1
RM768,3,2,4,2
RM796,3,4,4,3
RM833,3,4,3,3
RM856,3,4,4,2
RM990,3,3,3,3
RM1002,3,3,1,3
RM1023,3,3,3,1
RM1090,3,4,1,3
RM1159,3,3,3,2
RM1164,3,2,2,1
RM1212,3,4,3,2
RM1277,3,2,2,3
RM1281,3,2,3,2
RM1292,3,1,4,1
RM1345,4,1,4,3
RM1433,4,4,3,3
RM009,4,3,4,3
RM020,3,4,4,3
RM062,3,4,4,3
RM084,3,4,2,3
RM143,4,3,4,3
RM169,4,4,1,4
RM180,3,4,3,3
RM199,3,3,4,3
RM200,3,4,4,1
RM205,3,1,2,3
RM224,3,3,1,2
RM262,3,4,4,3
RM278,4,1,1,3
RM288,3,4,4,3
RM308,3,2,1,3
RM342,3,4,3,3
RM417,4,4,4,3
RM472,3,3,3,3
RM491,3,1,3,2
RM519,4,4,4,3
RM530,3,4,2,2
RM543,3,3,3,4
RM560,3,3,4,1
RM579,3,1,1,3
RM606,3,1,1,2
RM643,3,2,2,3
RM682,3,1,4,3
RM704,3,4,3,3
RM723,3,3,3,2
RM748,3,4,2,3
RM766,3,3,3,3
RM785,3,3,3,2
RM808,3,3,3,3
RM812,3,2,4,3
RM827,3,3,3,4
RM964,3,1,2,3
RM983,3,3,4,3
RM1108,3,3,3,3
RM1113,3,2,3,3
RM1120,3,2,3,3
RM1121,3,2,2,4
RM1162,3,3,4,4
RM1188,3,4,4,4
RM1194,4,2,4,3
RM1203,3,3,4,2
RM1257,3,2,3,2
RM1262,3,4,2,3
RM1273,3,3,4,3
RM1290,3,2,1,3
RM1309,4,4,2,2
RM1374,3,2,4,3
RM1377,3,4,2,4
RM1392,3,1,1,2
RM1401,3,2,4,3
RM1417,3,2,4,3
RM1419,3,3,1,3
RM1431,3,3,2,3
RM1452,3,4,1,3
RM034,3,4,4,4
RM138,3,3,4,4
RM241,3,3,3,3
RM252,4,3,3,3
RM305,3,4,3,2
RM315,3,1,3,3
RM327,3,4,3,3
RM328,3,3,4,2
RM401,3,3,2,3
RM450,3,3,3,3
RM527,3,3,4,3
RM552,3,2,3,1
RM655,3,4,4,3
RM670,4,1,4,1
RM706,3,3,1,3
RM739,3,4,4,3
RM754,3,1,4,3
RM814,3,4,1,3
RM817,3,2,3,2
RM938,3,2,3,3
RM941,3,1,3,3
RM950,3,3,1,3
RM987,3,4,1,4
RM993,4,3,3,3
RM1033,4,1,1,4
RM1080,3,2,2,3
RM1125,3,3,4,3
RM1149,3,1,2,3
RM1156,3,3,3,3
RM1160,3,3,1,1
RM1176,4,2,4,3
RM1241,3,4,4,3
RM1285,4,3,3,3
RM1293,3,4,3,3
RM1336,3,4,4,3
RM1367,3,3,1,3
RM1373,4,1,1,3
RM1404,3,1,2,3
RM1430,3,4,1,3
RM1438,3,4,4,2
RM1463,3,4,2,2
RM1467,3,1,4,3
RM1463,3,4,2,2
RM1467,3,1,4,3
RM091,4,2,3,2
RM151,3,2,2,3
RM159,3,4,3,2
RM187,3,3,4,3
RM204,3,4,3,4
RM209,3,4,4,1
RM244,3,4,1,3
RM258,3,3,1,3
RM336,4,4,2,2
RM362,3,3,4,3
RM369,3,3,3,3
RM388,3,2,4,3
RM392,4,3,2,3
RM418,3,3,3,3
RM449,3,3,2,3
RM459,3,1,3,3
RM534,4,1,4,3
RM554,4,4,4,2
RM583,4,2,3,3
RM602,3,3,1,3
RM685,3,2,1,2
RM692,3,2,4,3
RM707,3,2,2,2
RM769,3,1,3,2
RM786,4,4,1,3
RM815,3,3,3,4
RM838,3,3,2,2
RM846,3,4,3,1
RM867,3,2,2,3
RM885,3,2,2,4
RM947,3,2,4,3
RM958,3,3,3,3
RM960,3,4,3,3
RM968,4,2,2,3
RM979,4,3,2,3
RM1030,3,3,3,4
RM1041,3,2,4,3
RM1046,3,3,3,4
RM1084,3,1,4,1
RM1095,3,1,1,4
RM1097,4,4,3,3
RM1099,3,4,4,3
RM1133,3,1,4,3
RM1157,3,3,1,3
RM1165,3,4,3,2
RM1172,3,1,1,1
RM1230,3,1,2,3
RM1243,3,2,2,2
RM1287,3,1,3,2
RM1300,3,4,3,3
RM1305,3,1,2,3
RM1349,3,1,1,3
RM1410,3,3,4,4
RM1411,3,2,2,3
RM1428,3,4,1,2
RM1456,3,3,3,3
RM1458,3,3,3,3
RM001,3,4,2,1
RM046,3,3,2,3
RM134,3,3,3,3
RM148,3,1,4,2
RM149,4,1,3,3
RM167,3,3,1,3
RM183,4,2,2,2
RM216,3,4,4,3
RM243,3,1,3,2
RM301,3,2,4,3
RM347,3,2,4,3
RM367,3,2,1,3
RM404,3,1,2,3
RM447,3,4,4,3
RM460,3,3,1,3
RM467,3,1,2,3
RM536,3,4,2,2
RM539,3,3,4,3
RM668,3,4,2,2
RM687,3,1,4,3
RM717,3,3,1,4
RM738,3,3,4,3
RM747,4,3,2,3
RM784,3,3,2,3
RM831,3,4,2,3
RM865,3,1,1,1
RM952,3,2,3,3
RM961,3,1,3,3
RM989,3,4,4,2
RM1029,3,3,2,2
RM1197,3,3,4,3
RM1219,3,3,4,3
RM1229,3,2,3,3
RM1267,4,1,3,3
RM1295,3,2,2,1
RM1296,3,3,3,4
RM1357,4,2,3,3
RM1421,4,4,4,3
RM1446,4,2,1,3
RM1449,3,2,3,3
RM028,3,2,3,3
RM198,3,3,3,3
RM232,3,4,3,3
RM254,3,1,4,3
RM257,3,1,4,3
RM282,4,3,2,3
RM296,3,2,3,4
RM349,3,4,1,3
RM351,3,3,3,3
RM357,4,4,1,3
RM389,3,1,2,3
RM410,3,3,1,3
RM414,3,4,4,4
RM442,3,3,2,3
RM452,4,1,4,2
RM489,3,4,3,3
RM548,3,3,3,3
RM585,3,4,2,2
RM598,3,4,4,3
RM605,3,2,2,2
RM633,3,4,2,3
RM644,3,4,3,2
RM673,3,3,3,3
RM742,3,3,4,4
RM800,3,1,4,3
RM825,3,4,2,3
RM839,3,1,3,2
RM840,3,1,2,4
RM879,3,1,4,4
RM888,3,1,1,3
RM926,3,2,2,3
RM955,3,3,3,2
RM1000,3,1,3,3
RM1051,3,4,1,3
RM1089,3,2,3,3
RM1094,3,4,4,1
RM1130,4,4,4,3
RM1264,4,2,2,2
RM1288,3,1,2,2
RM1321,4,3,3,2
RM1326,3,3,4,3
RM1358,3,1,3,4
RM1379,3,4,2,3
RM1405,3,3,4,3
RM1420,3,1,4,2
RM1444,3,3,1,2
RM036,3,3,4,2
RM120,3,4,3,4
RM131,3,3,2,3
RM194,3,4,4,4
RM236,4,4,4,3
RM316,3,4,3,3
RM331,3,3,3,4
RM334,3,1,3,2
RM391,3,2,1,3
RM396,4,4,4,3
RM397,3,3,3,3
RM490,3,4,2,2
RM492,3,3,4,3
RM549,3,4,4,3
RM610,4,1,2,3
RM651,3,4,4,2
RM662,4,2,1,4
RM776,3,4,3,3
RM813,3,1,3,3
RM850,3,3,1,2
RM899,3,4,3,3
RM927,3,4,4,4
RM996,3,3,1,1
RM1134,3,2,4,3
RM1186,4,3,3,3
RM1217,3,4,4,3
RM1263,3,3,3,3
RM1270,3,4,2,3
RM1294,3,3,1,2
RM1317,4,4,1,3
RM1331,3,3,1,3
RM1400,3,3,1,3
RM029,3,4,1,3
RM032,3,4,4,4
RM053,4,1,2,2
RM100,3,2,2,4
RM287,4,3,4,1
RM494,3,3,1,4
RM498,3,4,4,4
RM544,3,3,1,3
RM618,3,2,4,2
RM632,4,4,1,2
RM659,3,1,2,3
RM751,3,4,4,3
RM790,3,1,2,3
RM858,3,3,3,3
RM863,3,3,4,3
RM876,4,4,4,3
RM892,3,4,1,3
RM908,3,2,2,3
RM923,3,1,3,2
RM929,3,4,1,3
RM954,3,1,1,4
RM1043,3,3,3,3
RM1047,3,2,4,2
RM1052,3,3,1,2
RM1063,3,3,2,2
RM1079,3,1,4,4
RM1141,3,4,2,2
RM1166,3,4,1,3
RM1201,3,4,3,3
RM1215,3,4,3,3
RM1280,3,2,3,2
RM1353,3,1,2,3
RM1436,3,4,2,3
RM068,3,1,2,3
RM078,3,1,4,4
RM142,3,4,3,2
RM154,3,2,2,1
RM175,3,1,3,4
RM195,4,4,1,3
RM219,3,4,4,3
RM245,3,4,3,3
RM250,3,3,1,3
RM269,3,4,3,3
RM312,3,1,1,3
RM335,3,4,4,3
RM408,4,4,1,2
RM453,3,2,4,4
RM505,3,1,1,3
RM565,3,3,2,3
RM604,3,3,2,3
RM626,3,1,4,3
RM697,3,2,3,2
RM714,3,4,4,3
RM719,3,1,4,3
RM756,3,4,4,4
RM760,3,2,2,3
RM806,3,3,2,3
RM855,3,3,1,2
RM914,3,2,1,3
RM937,4,2,2,3
RM1035,3,1,2,3
RM1038,3,4,2,4
RM1093,4,4,4,3
RM1100,3,2,1,3
RM1143,3,1,3,3
RM1144,3,1,1,3
RM1161,3,4,4,3
RM1222,4,3,3,2
RM1226,3,2,4,3
RM1244,4,3,3,4
RM1315,4,3,3,4
RM1347,3,4,2,2
RM1363,3,3,2,3
RM1455,3,3,4,3
RM030,3,1,2,2
RM049,4,4,1,3
RM080,4,2,2,3
RM090,3,4,3,3
RM094,3,1,3,2
RM179,4,1,2,3
RM210,3,1,4,3
RM264,3,2,3,2
RM366,3,3,3,4
RM413,3,3,3,2
RM430,3,3,1,1
RM434,3,4,3,3
RM466,3,3,1,2
RM724,3,3,4,3
RM771,3,4,4,3
RM779,4,1,4,3
RM811,3,3,1,3
RM862,4,1,3,3
RM870,3,2,4,3
RM878,3,4,4,2
RM917,3,2,4,3
RM944,3,1,4,4
RM1032,3,4,1,4
RM1081,3,2,3,4
RM1136,3,1,4,1
RM1232,3,2,3,3
RM1236,3,4,3,2
RM1278,3,4,3,3
RM1286,3,2,2,3
RM1299,4,2,4,4
RM1323,3,4,4,2
RM1328,3,1,1,3
RM1334,4,2,3,3
RM272,3,2,1,2
RM330,3,3,4,3
RM348,3,3,2,3
RM429,3,4,1,3
RM533,3,1,4,3
RM545,3,3,4,2
RM567,3,3,2,3
RM593,3,4,3,2
RM652,4,4,3,3
RM666,3,4,4,2
RM708,3,3,3,4
RM720,3,4,4,3
RM1021,3,4,1,2
RM1025,3,3,1,4
RM1068,3,3,3,2
RM1155,3,3,4,3
RM1195,3,2,2,3
RM1224,3,3,3,1
RM1235,3,2,3,1
RM1304,3,2,3,3
RM1322,3,3,2,3
RM1371,3,2,3,4
RM1415,4,3,1,3
RM1422,3,2,3,1
RM051,3,3,1,3
RM353,4,3,1,1
RM445,3,4,2,3
RM493,3,1,4,1
RM521,3,2,2,3
RM679,3,3,4,2
RM736,3,3,1,3
RM737,3,3,3,3
RM805,4,4,1,2
RM902,3,2,4,2
RM905,3,4,4,4
RM970,3,4,4,3
RM1039,3,1,3,3
RM1104,3,3,3,3
RM1115,3,1,3,2
RM1167,4,4,3,3
RM1205,3,3,4,3
RM1332,3,2,4,3
RM1352,3,4,4,3
RM002,4,2,3,3
RM130,3,1,3,2
RM202,3,4,4,3
RM291,3,1,3,3
RM317,3,3,3,3
RM376,4,3,2,3
RM474,3,3,4,3
RM608,3,4,3,4
RM640,3,1,3,3
RM678,3,2,1,2
RM822,3,2,4,3
RM900,3,3,1,4
RM1007,4,1,1,3
RM1045,3,3,1,2
RM1055,3,2,3,3
RM1072,4,1,3,3
RM1148,3,1,3,2
RM1177,3,2,1,3
RM1182,3,3,3,3
RM1193,3,1,4,2
RM1196,3,3,3,3
RM1255,3,4,4,4
RM1378,3,4,2,3
RM1469,3,2,4,2
RM1469,3,2,4,2
RM037,3,3,1,3
RM063,3,3,2,2
RM107,3,2,1,2
RM132,3,4,3,3
RM166,3,2,3,3
RM184,3,3,3,2
RM234,3,4,4,2
RM280,3,2,1,2
RM368,3,4,4,3
RM426,3,3,2,3
RM478,3,2,1,3
RM524,3,3,4,3
RM529,3,3,2,3
RM540,3,2,4,3
RM589,3,3,3,3
RM654,3,1,1,3
RM715,4,4,4,2
RM722,3,3,4,3
RM743,3,4,1,3
RM752,3,3,4,3
RM767,3,3,2,2
RM802,3,3,4,3
RM868,4,1,4,3
RM946,3,1,4,3
RM1087,3,4,3,3
RM1127,3,3,3,3
RM1139,3,3,2,3
RM1178,3,1,4,3
RM1453,3,3,2,3
RM1462,3,1,4,3
RM1462,3,1,4,3
RM088,4,4,4,3
RM092,4,4,3,1
RM111,4,1,1,2
RM124,3,3,1,3
RM137,3,4,1,3
RM157,3,3,2,3
RM190,3,2,4,3
RM214,3,2,2,1
RM259,3,4,3,2
RM300,3,2,4,3
RM377,3,4,3,2
RM617,3,3,1,2
RM780,3,3,1,4
RM919,4,2,4,2
RM931,3,3,2,2
RM963,3,2,3,3
RM972,3,2,4,2
RM988,3,2,2,3
RM1276,3,3,1,3
RM191,3,3,3,3
RM231,3,4,3,2
RM238,3,3,1,4
RM318,3,2,3,2
RM407,3,3,4,3
RM409,3,4,4,1
RM469,3,1,4,3
RM562,3,1,3,4
RM571,3,4,4,3
RM588,4,3,4,3
RM628,4,4,3,3
RM700,3,4,4,2
RM750,3,4,1,3
RM807,3,2,2,3
RM948,3,2,2,2
RM995,3,3,4,2
RM1001,3,1,3,1
RM1435,3,4,1,2
RM019,3,4,1,3
RM026,3,3,3,2
RM153,4,3,2,1
RM185,3,1,4,3
RM281,3,3,3,2
RM503,4,1,4,4
RM535,3,3,3,3
RM557,3,4,4,3
RM625,3,4,1,3
RM647,3,4,1,3
RM650,3,4,4,3
RM702,3,3,3,4
RM761,3,2,3,3
RM859,3,3,4,3
RM1044,3,2,4,2
RM1112,3,4,3,3
RM1204,3,4,2,3
RM1269,4,3,1,2
RM1397,3,1,1,2
RM096,3,3,1,1
RM113,3,4,4,3
RM220,3,1,4,3
RM333,3,3,4,2
RM393,3,1,1,2
RM432,3,3,3,3
RM511,3,2,3,4
RM576,3,1,4,3
RM729,3,3,3,3
RM772,3,3,3,3
RM891,3,3,4,1
RM895,3,4,4,3
RM1009,3,4,4,2
RM1077,4,4,2,3
RM1185,4,3,2,3
RM1306,3,4,4,2
RM1398,3,3,1,2
RM1407,3,1,3,3
RM066,3,3,4,3
RM083,3,4,1,3
RM188,3,2,3,3
RM271,3,1,4,3
RM284,3,4,2,3
RM380,3,4,3,3
RM446,4,2,1,3
RM569,3,1,4,3
RM609,3,4,3,2
RM746,3,2,3,3
RM775,3,1,3,4
RM788,3,2,4,3
RM915,3,2,4,3
RM956,3,3,4,3
RM976,3,3,1,2
RM1011,3,4,2,4
RM1066,3,3,4,3
RM1117,4,4,3,3
RM1208,3,2,1,3
RM1265,3,1,3,3
RM1337,4,4,2,4
RM1402,3,2,3,3
RM086,3,4,4,2
RM123,3,2,2,3
RM176,3,1,3,3
RM402,3,1,3,2
RM553,3,4,3,2
RM773,3,3,1,3
RM852,3,1,4,3
RM957,3,2,4,3
RM977,3,2,4,3
RM1024,4,1,1,4
RM1355,3,4,1,3
RM1372,3,1,4,3
RM1442,4,3,3,2
RM1445,3,3,4,1
RM164,3,4,3,1
RM361,3,3,4,3
RM425,3,4,1,2
RM1054,4,3,2,2
RM099,3,3,4,2
RM127,3,4,4,2
RM158,4,2,2,2
RM309,3,3,4,3
RM596,3,2,4,3
RM661,3,4,4,2
RM675,3,2,3,3
RM701,4,3,4,3
RM939,3,3,1,3
RM967,3,1,3,2
RM1010,4,1,4,3
RM1302,4,2,2,2
RM1311,3,3,1,3
RM1375,3,4,4,2
RM007,4,1,3,2
RM064,3,1,1,2
RM071,3,3,1,2
RM106,4,4,3,3
RM226,3,4,3,3
RM233,3,3,2,2
RM744,3,4,3,3
RM759,3,4,2,1
RM898,3,4,3,3
RM920,3,4,4,2
RM412,3,1,1,1
RM428,3,1,3,4
RM537,3,1,1,3
RM880,3,4,2,3
RM1210,4,4,3,4
